coffee,donut,sugar,bread,soup
soda,candy,milk,cheese,
fruit,bread,cream,,
coffee,donut,,,
water,soup,milk,,
soda,candy,,,
coffee,sugar,donut,cheese,soda
water,bread,cream,,
soda,candy,,,
soda,candy,,,
coffee,cream,cheese,soup,soda
water,cake,cream,soda,
soda,cake,milk,candy,
coffee,sugar,donut,,
fruit,cream,,,
soda,candy,cheese,,
water,bread,,,
coffee,cream,sugar,soda,
water,bread,soup,,
soda,candy,milk,,
soda,candy,cheese,,
coffee,cream,donut,,
soda,bread,nuts,,
soda,cake,soup,candy,
jam,cake,bread,,
coffee,donut,,,
jam,cheese,bread,soda,
soda,candy,,,
soda,candy,,,
soda,cake,milk,cheese,bread
soda,cake,soup,,
water,cake,,,
coffee,donut,bread,soda,
milk,cream,,,
soda,milk,candy,,
milk,cake,,,
coffee,sugar,soup,donut,
bread,cheese,jam,,
soda,candy,,,
bread,cake,jam,,
bread,milk,water,,
soda,candy,,,
soda,cream,bread,,
water,cheese,,,
coffee,soup,donut,,
jam,water,,,
soda,candy,,,
soda,candy,,,
donut,milk,bread,coffee,
fruit,cake,,,
jam,soda,soup,,
sugar,coffee,,,
cream,sugar,,,
soda,cheese,candy,,
sugar,milk,,,
coffee,soda,sugar,donut,
milk,cake,,,
water,bread,,,
soda,candy,soup,,
soda,bread,candy,,
soda,candy,,,
coffee,soup,donut,,
donut,cheese,soda,,
water,milk,,,
soda,candy,,,
nuts,soup,soda,,
fruit,milk,,,
nuts,water,,,
coffee,cheese,donut,,
nuts,cake,,,
soda,candy,,,
sugar,candy,soup,,
coffee,sugar,,,
soda,candy,,,
jam,bread,cream,,
coffee,donut,milk,cake,
nuts,water,,,
soda,candy,,,
nuts,water,candy,,
water,soup,,,
coffee,donut,sugar,,
nuts,cheese,,,
soda,candy,milk,,
jam,bread,,,
soda,candy,,,
coffee,cream,cake,,
donut,water,coffee,,
soda,cream,candy,,
jam,bread,milk,,
coffee,donut,cheese,,
nuts,,,,
soda,water,cake,,
fruit,soup,,,
water,,,,
coffee,donut,,,
milk,,,,
soda,candy,,,
donut,water,cheese,cream,coffee
jam,cake,bread,,
cream,coffee,suger,donut,
